{"count":1,"self":30161.79712,"total":47552.4079669,"children":{"InitializeActuators":{"count":1,"self":0.0010121,"total":0.0010121,"children":null},"InitializeSensors":{"count":1,"self":0.0015026999999999998,"total":0.0015026999999999998,"children":null},"AgentSendState":{"count":25000335,"self":1012.0322047999999,"total":2779.0959301,"children":{"CollectObservations":{"count":5000067,"self":7.0413184,"total":7.0413182999999995,"children":null},"WriteActionMask":{"count":5000067,"self":2.3518072,"total":2.3518071,"children":null},"RequestDecision":{"count":5000067,"self":20.2171648,"total":1757.6705986,"children":{"AgentInfo.ToProto":{"count":5000067,"self":30.7457088,"total":1737.4534343999999,"children":{"GenerateSensorData":{"count":5000067,"self":1663.9318016,"total":1706.7077246,"children":{"RayPerceptionSensor.Perceive":{"count":5000067,"self":42.775900799999995,"total":42.7759004,"children":null}}}}}}}}},"DecideAction":{"count":25000335,"self":14548.033535999999,"total":14548.034204399999,"children":null},"AgentAct":{"count":25000335,"self":60.505734399999994,"total":60.5057335,"children":null},"AgentInfo.ToProto":{"count":11605,"self":0.0874049,"total":2.969535,"children":{"GenerateSensorData":{"count":11605,"self":2.7957988,"total":2.8821301,"children":{"RayPerceptionSensor.Perceive":{"count":11605,"self":0.0863313,"total":0.0863313,"children":null}}}}}},"gauges":{"Player.CumulativeReward":{"count":11605,"max":-1,"min":-2,"runningAverage":-1.00535345,"value":-1,"weightedAverage":-1.00000024}},"metadata":{"timer_format_version":"0.1.0","start_time_seconds":"1701995036","unity_version":"2022.3.5f1","command_line_arguments":"C:\\Program Files\\Unity\\Hub\\Editor\\2022.3.5f1\\Editor\\Unity.exe -projectpath C:\\Users\\kann1\\Documents\\GitHub\\Vamseo-ML\\Vamseo -useHub -hubIPC -cloudEnvironment production","communication_protocol_version":"1.5.0","com.unity.ml-agents_version":"3.0.0-exp.1","scene_name":"Game","end_time_seconds":"1702042588"}}