{"count":1,"self":208.15836159999998,"total":405.1424766,"children":{"InitializeActuators":{"count":1,"self":0.0015025,"total":0.0015025,"children":null},"InitializeSensors":{"count":1,"self":0.0014099,"total":0.0014099,"children":null},"AgentSendState":{"count":233934,"self":6.8710168,"total":27.863900899999997,"children":{"CollectObservations":{"count":46787,"self":0.08091269999999999,"total":0.08091269999999999,"children":null},"WriteActionMask":{"count":46787,"self":0.0197873,"total":0.0197873,"children":null},"RequestDecision":{"count":46787,"self":0.2292102,"total":20.892183799999998,"children":{"AgentInfo.ToProto":{"count":46787,"self":0.31671509999999997,"total":20.6629736,"children":{"GenerateSensorData":{"count":46787,"self":19.8613152,"total":20.346258499999998,"children":{"RayPerceptionSensor.Perceive":{"count":46787,"self":0.4849441,"total":0.4849441,"children":null}}}}}}}}},"DecideAction":{"count":233934,"self":167.7471232,"total":167.74712019999998,"children":null},"AgentAct":{"count":233934,"self":1.2737064999999999,"total":1.2737064999999999,"children":null},"AgentInfo.ToProto":{"count":246,"self":0.0015027999999999999,"total":0.09647059999999999,"children":{"GenerateSensorData":{"count":246,"self":0.0866106,"total":0.094967799999999991,"children":{"RayPerceptionSensor.Perceive":{"count":246,"self":0.0083572,"total":0.0083572,"children":null}}}}}},"gauges":{"Player.CumulativeReward":{"count":246,"max":-1,"min":-2,"runningAverage":-1.00813007,"value":-1,"weightedAverage":-1.00000024}},"metadata":{"timer_format_version":"0.1.0","start_time_seconds":"1702554654","unity_version":"2022.3.5f1","command_line_arguments":"C:\\Program Files\\Unity\\Hub\\Editor\\2022.3.5f1\\Editor\\Unity.exe -projectpath C:\\Users\\kann1\\Documents\\GitHub\\Vamseo-ML\\Vamseo -useHub -hubIPC -cloudEnvironment production","communication_protocol_version":"1.5.0","com.unity.ml-agents_version":"3.0.0-exp.1","scene_name":"Game","end_time_seconds":"1702555059"}}