{"count":1,"self":18392.7308288,"total":48240.324086299996,"children":{"InitializeActuators":{"count":1,"self":0.0015226999999999999,"total":0.0015226999999999999,"children":null},"InitializeSensors":{"count":1,"self":0.0020016,"total":0.0020016,"children":null},"AgentSendState":{"count":49981504,"self":2571.4323455999997,"total":5307.3216582,"children":{"CollectObservations":{"count":9996301,"self":11.159768,"total":11.1597683,"children":null},"WriteActionMask":{"count":9996301,"self":3.6285596,"total":3.6285594999999997,"children":null},"RequestDecision":{"count":9996301,"self":26.003912,"total":2721.1009695,"children":{"AgentInfo.ToProto":{"count":9996301,"self":41.0178848,"total":2695.097058,"children":{"GenerateSensorData":{"count":9996301,"self":2574.1651968,"total":2654.0791719999997,"children":{"RayPerceptionSensor.Perceive":{"count":9996301,"self":79.9139584,"total":79.913960899999992,"children":null}}}}}}}}},"DecideAction":{"count":49981504,"self":24187.4305024,"total":24187.4303683,"children":null},"AgentAct":{"count":49981504,"self":346.5484032,"total":346.5483933,"children":null},"AgentInfo.ToProto":{"count":23035,"self":0.1569036,"total":6.2894505,"children":{"GenerateSensorData":{"count":23035,"self":5.9227875999999995,"total":6.1325468999999995,"children":{"RayPerceptionSensor.Perceive":{"count":23035,"self":0.20975929999999998,"total":0.20975929999999998,"children":null}}}}}},"gauges":{"Player.CumulativeReward":{"count":23035,"max":80,"min":4,"runningAverage":31.5900383,"value":50,"weightedAverage":35.8834152}},"metadata":{"timer_format_version":"0.1.0","start_time_seconds":"1702991479","unity_version":"2022.3.5f1","command_line_arguments":"C:\\Program Files\\Unity\\Hub\\Editor\\2022.3.5f1\\Editor\\Unity.exe -projectpath C:\\Users\\kann1\\Documents\\GitHub\\Vamseo-ML\\Vamseo -useHub -hubIPC -cloudEnvironment production","communication_protocol_version":"1.5.0","com.unity.ml-agents_version":"3.0.0-exp.1","scene_name":"Game","end_time_seconds":"1703039719"}}