{"count":1,"self":125.50375679999999,"total":232.2436641,"children":{"InitializeActuators":{"count":1,"self":0.0010123999999999999,"total":0.0010123999999999999,"children":null},"InitializeSensors":{"count":1,"self":0.0020386,"total":0.0020386,"children":null},"AgentSendState":{"count":127634,"self":3.5966384,"total":15.3769169,"children":{"CollectObservations":{"count":25527,"self":0.0400542,"total":0.0400542,"children":null},"WriteActionMask":{"count":25527,"self":0.015259499999999999,"total":0.015259499999999999,"children":null},"RequestDecision":{"count":25527,"self":0.1460735,"total":11.7249647,"children":{"AgentInfo.ToProto":{"count":25527,"self":0.20671679999999998,"total":11.5788912,"children":{"GenerateSensorData":{"count":25527,"self":11.108352799999999,"total":11.372174399999999,"children":{"RayPerceptionSensor.Perceive":{"count":25527,"self":0.2638217,"total":0.2638217,"children":null}}}}}}}}},"DecideAction":{"count":127634,"self":90.6995456,"total":90.6995469,"children":null},"AgentAct":{"count":127634,"self":0.61452069999999992,"total":0.61452069999999992,"children":null},"AgentInfo.ToProto":{"count":135,"self":0.0021124,"total":0.045867899999999996,"children":{"GenerateSensorData":{"count":135,"self":0.0427552,"total":0.043755499999999996,"children":{"RayPerceptionSensor.Perceive":{"count":135,"self":0.0010003,"total":0.0010003,"children":null}}}}}},"gauges":{"Player.CumulativeReward":{"count":135,"max":-1,"min":-2,"runningAverage":-1.014815,"value":-1,"weightedAverage":-1.00000024}},"metadata":{"timer_format_version":"0.1.0","start_time_seconds":"1702554381","unity_version":"2022.3.5f1","command_line_arguments":"C:\\Program Files\\Unity\\Hub\\Editor\\2022.3.5f1\\Editor\\Unity.exe -projectpath C:\\Users\\kann1\\Documents\\GitHub\\Vamseo-ML\\Vamseo -useHub -hubIPC -cloudEnvironment production","communication_protocol_version":"1.5.0","com.unity.ml-agents_version":"3.0.0-exp.1","scene_name":"Game","end_time_seconds":"1702554614"}}