{"count":1,"self":87798.8675584,"total":135789.76787049999,"children":{"InitializeActuators":{"count":1,"self":0.0055246,"total":0.0055246,"children":null},"InitializeSensors":{"count":1,"self":0.0015651999999999999,"total":0.0015651999999999999,"children":null},"AgentSendState":{"count":72499877,"self":2531.8139904,"total":7352.6902168999995,"children":{"CollectObservations":{"count":14499976,"self":17.475863999999998,"total":17.4758645,"children":null},"WriteActionMask":{"count":14499976,"self":5.7049835999999994,"total":5.7049835,"children":null},"RequestDecision":{"count":14499976,"self":47.8405504,"total":4797.6952943999995,"children":{"AgentInfo.ToProto":{"count":14499976,"self":80.6761472,"total":4749.8547425,"children":{"GenerateSensorData":{"count":14499976,"self":4543.7730815999994,"total":4669.1785974999993,"children":{"RayPerceptionSensor.Perceive":{"count":14499976,"self":125.40535039999999,"total":125.4053479,"children":null}}}}}}}}},"DecideAction":{"count":72499877,"self":40405.1951616,"total":40405.1953212,"children":null},"AgentAct":{"count":72499877,"self":224.32319999999999,"total":224.3231878,"children":null},"AgentInfo.ToProto":{"count":32687,"self":0.29352069999999997,"total":8.6866212999999988,"children":{"GenerateSensorData":{"count":32687,"self":8.1184704,"total":8.3931006,"children":{"RayPerceptionSensor.Perceive":{"count":32687,"self":0.2746301,"total":0.2746301,"children":null}}}}}},"gauges":{"Player.CumulativeReward":{"count":32687,"max":-1,"min":-1,"runningAverage":-1,"value":-1,"weightedAverage":-1}},"metadata":{"timer_format_version":"0.1.0","start_time_seconds":"1702602091","unity_version":"2022.3.5f1","command_line_arguments":"C:\\Program Files\\Unity\\Hub\\Editor\\2022.3.5f1\\Editor\\Unity.exe -projectpath C:\\Users\\kann1\\Documents\\GitHub\\Vamseo-ML\\Vamseo -useHub -hubIPC -cloudEnvironment production","communication_protocol_version":"1.5.0","com.unity.ml-agents_version":"3.0.0-exp.1","scene_name":"Game","end_time_seconds":"1702737881"}}