{"count":1,"self":18752.185958399998,"total":39134.7027917,"children":{"InitializeActuators":{"count":1,"self":0.0019996,"total":0.0019996,"children":null},"InitializeSensors":{"count":1,"self":0.00099899999999999989,"total":0.00099899999999999989,"children":null},"AgentSendState":{"count":32613701,"self":1647.7995008,"total":3491.6739064,"children":{"CollectObservations":{"count":6522741,"self":7.2298919999999995,"total":7.2298918,"children":null},"WriteActionMask":{"count":6522741,"self":2.2172052,"total":2.2172050999999997,"children":null},"RequestDecision":{"count":6522741,"self":18.005862399999998,"total":1834.4273534,"children":{"AgentInfo.ToProto":{"count":6522741,"self":32.5413408,"total":1816.4214909999998,"children":{"GenerateSensorData":{"count":6522741,"self":1733.4937599999998,"total":1783.8801502,"children":{"RayPerceptionSensor.Perceive":{"count":6522741,"self":50.3864416,"total":50.386441399999995,"children":null}}}}}}}}},"DecideAction":{"count":32613701,"self":16215.9968256,"total":16215.9964792,"children":null},"AgentAct":{"count":32613701,"self":673.25911039999994,"total":673.2590954,"children":null},"AgentInfo.ToProto":{"count":6134,"self":0.0316786,"total":1.5823095999999999,"children":{"GenerateSensorData":{"count":6134,"self":1.4919175999999998,"total":1.5506309999999999,"children":{"RayPerceptionSensor.Perceive":{"count":6134,"self":0.0587134,"total":0.0587134,"children":null}}}}}},"gauges":{"Player.CumulativeReward":{"count":6134,"max":75,"min":-17,"runningAverage":-3.374796,"value":-12,"weightedAverage":-4.900627}},"metadata":{"timer_format_version":"0.1.0","start_time_seconds":"1703155889","unity_version":"2022.3.5f1","command_line_arguments":"C:\\Program Files\\Unity\\Hub\\Editor\\2022.3.5f1\\Editor\\Unity.exe -projectpath C:\\Users\\kann1\\Documents\\GitHub\\Vamseo-ML\\Vamseo -useHub -hubIPC -cloudEnvironment production","communication_protocol_version":"1.5.0","com.unity.ml-agents_version":"3.0.0-exp.1","scene_name":"Game","end_time_seconds":"1703195023"}}