{"count":1,"self":116.3707008,"total":518.8915751,"children":{"InitializeActuators":{"count":2,"self":0,"total":0,"children":null},"InitializeSensors":{"count":2,"self":0.0015045,"total":0.0015045,"children":null},"AgentSendState":{"count":39117,"self":173.2358912,"total":173.848221,"children":{"CollectObservations":{"count":15648,"self":0.030567499999999997,"total":0.030567499999999997,"children":null},"WriteActionMask":{"count":15648,"self":0.0091901999999999991,"total":0.0091901999999999991,"children":null},"RequestDecision":{"count":15648,"self":0.0677542,"total":0.5725674,"children":{"AgentInfo.ToProto":{"count":15648,"self":0.12237949999999999,"total":0.5048132,"children":{"GenerateSensorData":{"count":15648,"self":0.2693117,"total":0.3824337,"children":{"RayPerceptionSensor.Perceive":{"count":15648,"self":0.113122,"total":0.113122,"children":null}}}}}}}}},"DecideAction":{"count":39117,"self":56.951648,"total":56.951646,"children":null},"AgentAct":{"count":39117,"self":171.2416896,"total":171.7034665,"children":{"AgentInfo.ToProto":{"count":14838,"self":0.11334169999999999,"total":0.4617745,"children":{"GenerateSensorData":{"count":14838,"self":0.25740019999999997,"total":0.3484328,"children":{"RayPerceptionSensor.Perceive":{"count":14838,"self":0.091032599999999991,"total":0.091032599999999991,"children":null}}}}}}},"AgentInfo.ToProto":{"count":552,"self":0.0040202,"total":0.0160402,"children":{"GenerateSensorData":{"count":552,"self":0.0075109,"total":0.01202,"children":{"RayPerceptionSensor.Perceive":{"count":552,"self":0.0045090999999999994,"total":0.0045090999999999994,"children":null}}}}}},"gauges":{"Player.CumulativeReward":{"count":15390,"max":20,"min":-10,"runningAverage":18.40049,"value":-5,"weightedAverage":-4.99983358}},"metadata":{"timer_format_version":"0.1.0","start_time_seconds":"1701939184","unity_version":"2022.3.5f1","command_line_arguments":"C:\\Program Files\\Unity\\Hub\\Editor\\2022.3.5f1\\Editor\\Unity.exe -projectPath C:\\Users\\kann1\\Documents\\GitHub\\Vamseo-ML\\Vamseo","communication_protocol_version":"1.5.0","com.unity.ml-agents_version":"3.0.0-exp.1","scene_name":"Game","end_time_seconds":"1701939703"}}