{"count":1,"self":5141.4376447999994,"total":11489.375249499999,"children":{"InitializeActuators":{"count":1,"self":0.0010211999999999999,"total":0.0010211999999999999,"children":null},"InitializeSensors":{"count":1,"self":0.0015049999999999998,"total":0.0015049999999999998,"children":null},"AgentSendState":{"count":9010951,"self":555.7659136,"total":1179.4212929,"children":{"CollectObservations":{"count":1802191,"self":2.3042494,"total":2.3042494,"children":null},"WriteActionMask":{"count":1802191,"self":0.74698369999999992,"total":0.74698369999999992,"children":null},"RequestDecision":{"count":1802191,"self":5.9874448,"total":620.6041225,"children":{"AgentInfo.ToProto":{"count":1802191,"self":9.6342696,"total":614.6166779,"children":{"GenerateSensorData":{"count":1802191,"self":589.3491712,"total":604.982408,"children":{"RayPerceptionSensor.Perceive":{"count":1802191,"self":15.6332528,"total":15.6332531,"children":null}}}}}}}}},"DecideAction":{"count":9010951,"self":5093.0642944,"total":5093.0642936999993,"children":null},"AgentAct":{"count":9010951,"self":74.337715199999991,"total":74.337713499999992,"children":null},"AgentInfo.ToProto":{"count":4021,"self":0.026397499999999997,"total":1.1108398,"children":{"GenerateSensorData":{"count":4021,"self":1.0487579,"total":1.0844422999999999,"children":{"RayPerceptionSensor.Perceive":{"count":4021,"self":0.0356844,"total":0.0356844,"children":null}}}}}},"gauges":{"Player.CumulativeReward":{"count":4021,"max":37,"min":-19,"runningAverage":-6.29245758,"value":-8,"weightedAverage":-4.718119}},"metadata":{"timer_format_version":"0.1.0","start_time_seconds":"1703121183","unity_version":"2022.3.5f1","command_line_arguments":"C:\\Program Files\\Unity\\Hub\\Editor\\2022.3.5f1\\Editor\\Unity.exe -projectpath C:\\Users\\kann1\\Documents\\GitHub\\Vamseo-ML\\Vamseo -useHub -hubIPC -cloudEnvironment production","communication_protocol_version":"1.5.0","com.unity.ml-agents_version":"3.0.0-exp.1","scene_name":"Game","end_time_seconds":"1703132672"}}